{"cameraMode":{"drawMode":0,"name":"Shaded","section":"Shading Mode"},"sceneLighting":true,"audioPlay":false,"sceneViewState":{"showFog":true,"showMaterialUpdate":true,"showSkybox":true,"showFlares":true,"showImageEffects":true,"showParticleSystems":true},"in2DMode":false,"pivot":{"x":-7.464325904846191,"y":-3.5941848754882814,"z":10.284823417663575},"rotation":{"x":-0.30399224162101748,"y":0.16522830724716187,"z":-0.053623270243406299,"w":-0.9367062449455261},"size":23.03580665588379,"orthographic":false}